{"stats":{"minecraft:custom":{"minecraft:jump":29,"minecraft:time_since_rest":3024,"minecraft:leave_game":2,"minecraft:sprint_one_cm":4802,"minecraft:play_time":3024,"minecraft:damage_taken":20,"minecraft:time_since_death":3024,"minecraft:walk_one_cm":2604,"minecraft:total_world_time":3024,"minecraft:fall_one_cm":1169,"minecraft:fly_one_cm":6472},"minecraft:used":{"minecraft:birch_log":1,"minecraft:dirt":7},"minecraft:mined":{"minecraft:birch_log":1,"minecraft:grass_block":5,"minecraft:oak_leaves":3,"minecraft:dirt":6},"minecraft:picked_up":{"minecraft:dirt":10,"minecraft:birch_log":1}},"DataVersion":3700}