{"stats":{"minecraft:killed":{"minecraft:zombie":9},"minecraft:used":{"minecraft:shield":14,"minecraft:stone_sword":33,"minecraft:dirt":2,"minecraft:zombie_spawn_egg":9},"minecraft:picked_up":{"minecraft:rotten_flesh":1,"minecraft:dirt":2},"minecraft:mined":{"minecraft:grass_block":1,"minecraft:dirt":1},"minecraft:custom":{"minecraft:jump":63,"minecraft:time_since_rest":1602,"minecraft:leave_game":1,"minecraft:damage_dealt":1753,"minecraft:sprint_one_cm":1329,"minecraft:play_time":1602,"minecraft:damage_taken":250,"minecraft:time_since_death":1602,"minecraft:walk_one_cm":4181,"minecraft:damage_blocked_by_shield":150,"minecraft:total_world_time":1602,"minecraft:mob_kills":9,"minecraft:fall_one_cm":418,"minecraft:fly_one_cm":2693}},"DataVersion":3700}