{"stats":{"minecraft:picked_up":{"minecraft:sand":23,"minecraft:dirt":2},"minecraft:mined":{"minecraft:grass_block":2,"minecraft:sand":7,"minecraft:oak_leaves":1},"minecraft:used":{"minecraft:fishing_rod":24,"minecraft:dirt":2,"minecraft:sand":7,"minecraft:flint_and_steel":7,"minecraft:tnt":9,"minecraft:crafting_table":1,"minecraft:oak_planks":55,"minecraft:ender_pearl":8,"minecraft:powder_snow_bucket":90,"minecraft:leather_boots":1},"minecraft:dropped":{"minecraft:oak_planks":1},"minecraft:custom":{"minecraft:time_since_rest":7511,"minecraft:crouch_one_cm":131,"minecraft:play_time":7511,"minecraft:sprint_one_cm":13451,"minecraft:damage_taken":80,"minecraft:walk_one_cm":5670,"minecraft:sneak_time":103,"minecraft:drop":1,"minecraft:jump":241,"minecraft:damage_dealt":40,"minecraft:leave_game":1,"minecraft:walk_on_water_one_cm":630,"minecraft:time_since_death":7511,"minecraft:total_world_time":7511,"minecraft:interact_with_crafting_table":3,"minecraft:fall_one_cm":3922,"minecraft:fly_one_cm":85860},"minecraft:crafted":{"minecraft:oak_planks":256,"minecraft:stick":4,"minecraft:wooden_pickaxe":1}},"DataVersion":3700}