{"stats":{"minecraft:picked_up":{"minecraft:oak_log":5,"minecraft:enchanted_golden_apple":14,"minecraft:oak_planks":10},"minecraft:mined":{"minecraft:short_grass":1,"minecraft:oak_log":5},"minecraft:used":{"minecraft:oak_fence":2,"minecraft:oak_planks":136,"minecraft:chest":8,"minecraft:spruce_trapdoor":1,"minecraft:allay_spawn_egg":807,"minecraft:stripped_spruce_log":12},"minecraft:dropped":{"minecraft:oak_planks":14,"minecraft:enchanted_golden_apple":16},"minecraft:custom":{"minecraft:time_since_rest":11113,"minecraft:crouch_one_cm":1158,"minecraft:play_time":11113,"minecraft:sprint_one_cm":18788,"minecraft:damage_taken":61,"minecraft:walk_one_cm":28961,"minecraft:sneak_time":552,"minecraft:drop":30,"minecraft:jump":119,"minecraft:damage_dealt":50,"minecraft:leave_game":1,"minecraft:time_since_death":11113,"minecraft:total_world_time":11113,"minecraft:fall_one_cm":687,"minecraft:fly_one_cm":124379},"minecraft:crafted":{"minecraft:oak_planks":20}},"DataVersion":3700}