{"stats":{"minecraft:picked_up":{"minecraft:oak_log":5},"minecraft:mined":{"minecraft:short_grass":1,"minecraft:oak_log":5},"minecraft:used":{"minecraft:chest":8,"minecraft:oak_planks":88,"minecraft:spruce_trapdoor":1,"minecraft:stripped_spruce_log":8},"minecraft:custom":{"minecraft:jump":84,"minecraft:time_since_rest":4582,"minecraft:crouch_one_cm":860,"minecraft:damage_dealt":50,"minecraft:sprint_one_cm":5666,"minecraft:play_time":4582,"minecraft:damage_taken":61,"minecraft:time_since_death":4582,"minecraft:walk_one_cm":4590,"minecraft:sneak_time":350,"minecraft:total_world_time":4582,"minecraft:fall_one_cm":687,"minecraft:fly_one_cm":50836},"minecraft:crafted":{"minecraft:oak_planks":20}},"DataVersion":3700}