{"stats":{"minecraft:picked_up":{"minecraft:oak_log":1},"minecraft:mined":{"minecraft:short_grass":5,"minecraft:oak_log":1,"minecraft:oak_leaves":6},"minecraft:custom":{"minecraft:jump":112,"minecraft:leave_game":1,"minecraft:time_since_rest":3908,"minecraft:walk_on_water_one_cm":157,"minecraft:crouch_one_cm":197,"minecraft:damage_dealt":81,"minecraft:damage_taken":90,"minecraft:sprint_one_cm":16975,"minecraft:play_time":3908,"minecraft:time_since_death":3908,"minecraft:walk_one_cm":4166,"minecraft:sneak_time":37,"minecraft:total_world_time":3908,"minecraft:walk_under_water_one_cm":81,"minecraft:swim_one_cm":1366,"minecraft:fall_one_cm":4081,"minecraft:fly_one_cm":32215}},"DataVersion":3700}